<?xml version="1.0"?>
<MomanRegistry>
  <CurrentUser Key="Software\Faulhaber\Motion Manager\6.0">
    <CANopen NodeGuarding="0"/>
    <Cockpit>
      <FrameCockpit2 Val1="0" Val2="0" ComboBoxSeq="4"/>
      <FrameCockpit6 Val1="0" Val2="0" ComboBoxSeq="4"/>
      <FrameCockpit7 Val1="0" Val2="0" ComboBoxSeq="4"/>
      <FrameCockpit8 Val1="0" Val2="0" ComboBoxSeq="4"/>
      <FrameCockpit9 Val1="0" Val2="0" ComboBoxSeq="4"/>
      <FrameCockpitHoming4 Val1="0" Val2="0" ComboBoxSeq="4"/>
      <FrameCockpitPP1 RadioButtonRel1="1" RadioButtonRel2="1" Val1="0" Val2="0" ComboBoxSeq="4"/>
    </Cockpit>
    <ConfigDlg TreeViewWidth="185" IniNode="FrameCfgDevControl">
      <FormDeviceConfig Width="950" Height="542" Top="141" Left="293" Maximized="0"/>
    </ConfigDlg>
    <ContParams ActivePageIdx="2"/>
    <ContTuning TargetVel="1000" TargetPos="10" Tvel="150" Tpos="500" TvelAuto="1" TposAuto="1" SrcSelVel="3" SrcSelPos="3" GoToStart="1" AdvParams="0">
      <FormWizContTuning Width="940" Height="684" Top="70" Left="298" Maximized="0"/>
    </ContTuning>
    <DeviceState ActivePageIdx="0" StatuswordIdx="1" ErrorIdx="0"/>
    <Editor ActivePageIdx="6" Recent="C:\Users\John\Desktop\James\controlCamer.bas,C:\Users\John\Desktop\James\MotionFunctions.bi,&quot;C:\ProgramData\Faulhaber\Motion Manager 6\Macros\MotionParameters.bi&quot;,&quot;C:\ProgramData\Faulhaber\Motion Manager 6\Macros\MotionMacros.bi&quot;,C:\Users\John\Desktop\James\aerialCameraController.mpr,E:\aerialCameraController.mpr,E:\usb1.mpr" Welcome="1" OpenedFiles="C:\Users\John\Desktop\James\controlCamer.bas,C:\Users\John\Desktop\James\MotionFunctions.bi,&quot;C:\ProgramData\Faulhaber\Motion Manager 6\Macros\MotionParameters.bi&quot;,&quot;C:\ProgramData\Faulhaber\Motion Manager 6\Macros\MotionMacros.bi&quot;,C:\Users\John\Desktop\James\aerialCameraController.mpr" NewsVisible="1"/>
    <FormMacros>
      <FormMacroEditor Width="807" Height="495" Top="182" Left="182" Maximized="0"/>
    </FormMacros>
    <FormWizConnection SingleDev="1" BaudKnown="0" BaudRateUSB="0" ScanMin="" ScanMax="" LastIntf="USB" DevType=""/>
    <MainForm WizardsVisible="1" SimpleView="0" CatStartupClpsd="0" CatConfigClpsd="0" CatToolsClpsd="0">
      <FormMain Width="1552" Height="840" Top="-8" Left="-8" Maximized="1"/>
    </MainForm>
    <ObjectBrowser Col1="120" Col2="45" Col3="60" Col4="200" Col5="85" Col6="85" Col7="60">
      <ListViewCommunication Col1="120" Col2="45" Col3="60" Col4="200" Col5="85" Col6="85" Col7="60"/>
      <ListViewDevice Col1="120" Col2="45" Col3="60" Col4="200" Col5="85" Col6="85" Col7="60"/>
      <ListViewManufacturer Col1="120" Col2="45" Col3="60" Col4="200" Col5="85" Col6="85" Col7="60"/>
    </ObjectBrowser>
    <Preset CheckForUpdates="1" Project="C:\Users\John\Desktop\James\aerialCameraController.mpr"/>
    <Recorder TotalBuf="60000" TotalBufLin="0"/>
    <Terminal CmdList="" PageIndex="0" MsgFilterActive="0" MsgFilterPassCobIds="0" MsgFilterPassedCobIds="">
      <ListViewCom Col1="100" Col2="280" Col3="280" Col4="280"/>
      <ListViewLog Col1="100" Col2="280" Col3="280"/>
    </Terminal>
    <Trace CurvePanelWidth="200" CurvePanelVisible="1" PageIdxObj="0">
      <FormTraceConfig Width="857" Height="511" Top="156" Left="339" Maximized="0"/>
    </Trace>
    <Update UpdateAvailable="0" ProxyServer="www.faulhaber.com:80" NewsUpdateAvailable="0"/>
  </CurrentUser>
  <LocalMachine Key="Software\Faulhaber\Motion Manager\6.0" AppDataDir="C:\ProgramData\Faulhaber\Motion Manager 6\" InstallDir="C:\Program Files (x86)\Faulhaber\Motion Manager 6\" Language="EN" Version="6.6.1">
    <AESSenstyp Id1="AES-64,0" Id2="AES-1024,0" Id3="AES-1024/2,0" Id4="AES-4096" Id5="AES-256" Id6="AES-4096/2,0" Id7="AES-1024/4:1,0" Id8="AES-256/2,0" Id9="AES-4096L,0"/>
    <HardwareSC Id0x2BE="SC1801S/P" Id0x2FE="SC1801F" Id0x1024E="SC1801S/P/F-4289/3980" Id0x322="22...BX4/2610/2622 SC" Id0x210323="32...BX4 SC" Id0x512="1525 BRC" Id0x713="3153 BRC" Id0x2BF="SC2804S/2402P" Id0x102EF="SC2804S/2402P-4289/3980" Id0x4002AF="SC2804S/2402P-4475/4476" Id0x0902AF="SC5008S/5004P" Id0x4802AF="SC5008S/5004P-4475/4476" Id0x18024B="SC5008S/5004P-3980" Id0x10722="22...BX4 SC 3692" Id0x1000512="1226 SC" Id0x2000512="1525 LC" Id0x4200122="22...BXT SC" Id0x8200322="32/42...BXT SC"/>
    <Update Hostname="www.faulhaber.com" PathToUpdateFiles="/OnlineUpdates/Moman6/" PathToNews="/en/moman-news/"/>
  </LocalMachine>
  <Locales CProgramFilesx86FaulhaberMotionManager6Moman6exe="EN"/>
</MomanRegistry>
