Time;Message;Info
09:54:27.410;"Node search started";
09:54:27.449;"Interface USB1 open";
09:54:27.543;"Interface USB1 closed";
09:54:27.614;"Interface USB2 could not be opened";
09:54:27.680;"Interface USB1 open";
10:33:46.871;"Interface USB1 closed";
10:33:46.968;"Interface USB2 open";
10:34:05.996;"Node 1 - Emergency Error: Device Specific (Error Code = 0xFF20)";
10:34:28.405;"1 SOBJ 6060.00 01 (1)";"Modes of operation"
10:34:28.411;OK;
10:34:33.154;"Node 1 - Emergency Error: Error Reset or No Error (Error Code = 0x0000)";
10:34:33.191;"Node 1 - Emergency Error: Device Specific (Error Code = 0xFF20)";
10:35:16.923;"Interface USB2 closed";
10:35:17.028;"Interface USB1 open";
10:36:56.547;"Interface USB1 closed";
10:36:56.621;"Interface USB2 open";
10:39:08.345;"1 SOBJ 6060.00 01 (1)";"Modes of operation"
10:39:08.350;OK;
10:39:11.645;"1 SOBJ 6060.00 03 (3)";"Modes of operation"
10:39:11.647;OK;
10:39:16.511;"1 SOBJ 6040.00 0006 (6)";Controlword
10:39:16.517;OK;
10:39:16.636;"1 SOBJ 6040.00 000F (15)";Controlword
10:39:16.641;"Data cannot be transferred or stored to the application because of local control (Abort Code = 0x08000021)";
10:39:16.840;"1 SOBJ 6040.00 000F (15)";Controlword
10:39:16.846;"Data cannot be transferred or stored to the application because of local control (Abort Code = 0x08000021)";
10:39:17.038;"1 SOBJ 6040.00 000F (15)";Controlword
10:39:17.044;"Data cannot be transferred or stored to the application because of local control (Abort Code = 0x08000021)";
10:39:21.917;"1 SOBJ 6040.00 000E (14)";Controlword
10:39:21.919;OK;
10:39:22.042;"1 SOBJ 6040.00 000F (15)";Controlword
10:39:22.047;"Data cannot be transferred or stored to the application because of local control (Abort Code = 0x08000021)";
10:39:22.247;"1 SOBJ 6040.00 000F (15)";Controlword
10:39:22.253;"Data cannot be transferred or stored to the application because of local control (Abort Code = 0x08000021)";
10:39:22.464;"1 SOBJ 6040.00 000F (15)";Controlword
10:39:22.470;"Data cannot be transferred or stored to the application because of local control (Abort Code = 0x08000021)";
10:39:25.726;"1 SOBJ 6040.00 000E (14)";Controlword
10:39:25.732;OK;
10:39:25.858;"1 SOBJ 6040.00 000F (15)";Controlword
10:39:25.863;"Data cannot be transferred or stored to the application because of local control (Abort Code = 0x08000021)";
10:39:26.075;"1 SOBJ 6040.00 000F (15)";Controlword
10:39:26.081;"Data cannot be transferred or stored to the application because of local control (Abort Code = 0x08000021)";
10:39:26.290;"1 SOBJ 6040.00 000F (15)";Controlword
10:39:26.296;"Data cannot be transferred or stored to the application because of local control (Abort Code = 0x08000021)";
10:39:26.746;"1 SOBJ 6040.00 000E (14)";Controlword
10:39:26.752;OK;
10:39:26.873;"1 SOBJ 6040.00 000F (15)";Controlword
10:39:26.878;"Data cannot be transferred or stored to the application because of local control (Abort Code = 0x08000021)";
10:39:27.088;"1 SOBJ 6040.00 000F (15)";Controlword
10:39:27.094;"Data cannot be transferred or stored to the application because of local control (Abort Code = 0x08000021)";
10:39:27.293;"1 SOBJ 6040.00 000F (15)";Controlword
10:39:27.299;"Data cannot be transferred or stored to the application because of local control (Abort Code = 0x08000021)";
10:40:31.203;"Interface USB2 closed";
10:40:31.277;"Interface USB1 open";
10:40:42.344;"1 SOBJ 6060.00 03 (3)";"Modes of operation"
10:40:42.349;OK;
10:41:02.743;"1 SOBJ 6060.00 03 (3)";"Modes of operation"
10:41:02.748;OK;
10:41:10.940;"1 SOBJ 60FF.00 000007D0 (2000)";"Target velocity"
10:41:10.948;OK;
10:41:13.501;"1 SOBJ 60FF.00 000007D0 (2000)";"Target velocity"
10:41:13.510;OK;
10:41:25.466;"1 SOBJ 6060.00 03 (3)";"Modes of operation"
10:41:25.472;OK;
10:41:33.288;"1 SOBJ 60FF.00 000007D0 (2000)";"Target velocity"
10:41:33.290;OK;
10:42:54.862;"Interface USB1 closed";
10:42:54.948;"Interface USB1 open";
10:45:08.692;"1 SOBJ 6040.00 000F (15)";Controlword
10:45:08.692;OK;
